<?xml version="1.0" encoding="UTF-8"?>
<simplicite xmlns:xsi="http://www.w3.org/2001/XMLSchema-instance" xmlns="http://www.simplicite.fr/base" xsi:schemaLocation="http://www.simplicite.fr/base https://www.simplicite.io/resources/schemas/base.xsd">
<object>
	<name>PzaPizza</name>
	<action>upsert</action>
	<data>
		<pzaPizName>Beef</pzaPizName>
		<pzaPizPrice>18.5</pzaPizPrice>
		<pzaPizType>THIN</pzaPizType>
		<pzaPizDiameter>12</pzaPizDiameter>
		<pzaPizPicture>PzaPizza/pzaPizPicture/0/1/beef.png</pzaPizPicture>
		<pzaPizDesc><![CDATA[<p><strong>Beef and Pepperoni</strong> combo:</p>
<ul>
<li>Tomato</li>
<li>Cheese</li>
<li>Onions</li>
<li>Pepperoni</li>
<li>Beef meatballs</li>
</ul>]]></pzaPizDesc>
		<pzaPizVideo><![CDATA[https://www.youtube.com/embed/FmfyM0SQrjI]]></pzaPizVideo>
	</data>
	<data>
		<pzaPizName>Margherita</pzaPizName>
		<pzaPizPrice>15</pzaPizPrice>
		<pzaPizType>THIN</pzaPizType>
		<pzaPizDiameter>18</pzaPizDiameter>
		<pzaPizPicture>PzaPizza/pzaPizPicture/0/2/margherita.png</pzaPizPicture>
		<pzaPizDesc><![CDATA[<p>Classical <strong>Margherita</strong>:</p>
<ul>
<li>Tomato</li>
<li>Premium cheese</li>
</ul>]]></pzaPizDesc>
		<pzaPizVideo><![CDATA[https://www.youtube.com/embed/Xnh993mGpQA]]></pzaPizVideo>
	</data>
	<data>
		<pzaPizName>Pepperoni</pzaPizName>
		<pzaPizPrice>17.5</pzaPizPrice>
		<pzaPizType>THIN</pzaPizType>
		<pzaPizDiameter>18</pzaPizDiameter>
		<pzaPizPicture>PzaPizza/pzaPizPicture/0/3/pepperoni.png</pzaPizPicture>
		<pzaPizDesc><![CDATA[<p><strong>Pepperoni</strong>&nbsp;only:</p>
<ul>
<li>Tomato</li>
<li>Cheese</li>
<li>Pepperoni</li>
</ul>]]></pzaPizDesc>
		<pzaPizVideo><![CDATA[https://www.youtube.com/embed/HCAPjIVOdJw]]></pzaPizVideo>
	</data>
</object>
</simplicite>